order	season	episode	title	release	link
1	1	1	A Walk in the Woods	"January 11, 1983"	https://www.youtube.com/watch?v=oh5p5f5_-7A
2	1	2	Mt. McKinley	"January 11, 1983"	https://www.youtube.com/watch?v=RInDWhYceLU
3	1	3	Ebony Sunset	"January 18, 1983"	https://www.youtube.com/watch?v=UOziR7PoVco
4	1	4	Winter Mist	"January 25, 1983"	https://www.youtube.com/watch?v=0pwoixRikn4
5	1	5	Quiet Stream	"February 1, 1983"	https://www.youtube.com/watch?v=DFSIQNjKRfk
6	1	6	Winter Moon	"February 8, 1983"	https://www.youtube.com/watch?v=loAzRUzx1wI
7	1	7	Autumn Mountains	"February 15, 1983"	https://www.youtube.com/watch?v=sDdpc8uisD0
8	1	8	Peaceful Valley	"February 22, 1983"	https://www.youtube.com/watch?v=kQlFwTOkYzg
9	1	9	Seascape	"March 1, 1983"	https://www.youtube.com/watch?v=QxcS7p1VHyQ
10	1	10	Mountain Lake	"March 8, 1983"	https://www.youtube.com/watch?v=wDnLlywAL5I
11	1	11	Winter Glow	"March 15, 1983"	https://www.youtube.com/watch?v=Q03YvknOVe0
12	1	12	Snowfall	"March 22, 1983"	https://www.youtube.com/watch?v=4E35-8x_y04
13	1	13	Final Reflections	"March 29, 1983"	https://www.youtube.com/watch?v=IEQWfszfRlA
14	2	1	Meadow Lake	"August 31, 1983"	https://www.youtube.com/watch?v=GARWowi0QXI
15	2	2	Winter Sun	"September 7, 1983"	https://www.youtube.com/watch?v=VPfYRj4DDco
16	2	3	Ebony Sea	"September 14, 1983"	https://www.youtube.com/watch?v=aOJsKNzO3i8
17	2	4	Shades of Grey	"September 21, 1983"	https://www.youtube.com/watch?v=I-ousb8-SD0
18	2	5	Autumn Splendor	"September 28, 1983"	https://www.youtube.com/watch?v=rTTWw5Gd79I
19	2	6	Black River	"October 5, 1983"	https://www.youtube.com/watch?v=6O4sfJd8G_M
20	2	7	Brown Mountains	"October 12, 1983"	https://www.youtube.com/watch?v=Vx6v47gHBWM
21	2	8	Reflections	"October 19, 1983"	https://www.youtube.com/watch?v=0FYfo94qefg
22	2	9	Black & White Seascape	"October 26, 1983"	https://www.youtube.com/watch?v=PMDyPrE0puo
23	2	10	Lazy River	"November 2, 1983"	https://www.youtube.com/watch?v=BW2wKKFvH1g
24	2	11	Black Waterfall	"November 9, 1983"	https://www.youtube.com/watch?v=GzSqjyQUPZQ
25	2	12	Mountain Waterfall	"November 16, 1983"	https://www.youtube.com/watch?v=9jIt95PCFAA
26	2	13	Final Grace	"November 23, 1983"	https://www.youtube.com/watch?v=miJ19Kz_i3Y
27	3	1	Mountain Retreat	"January 4, 1984"	https://www.youtube.com/watch?v=hoimk4s8JoQ
28	3	2	Blue Moon	"January 11, 1984"	https://www.youtube.com/watch?v=loit61vLUMc
29	3	3	Bubbling Stream	"January 18, 1984"	https://www.youtube.com/watch?v=fuFalEXVN0k
30	3	4	Winter Night	"January 25, 1984"	https://www.youtube.com/watch?v=8ysFkNYwhAE
31	3	5	Distant Hills	"February 1, 1984"	https://www.youtube.com/watch?v=8Zge88tVwjE
32	3	6	Covered Bridge	"February 8, 1984"	https://www.youtube.com/watch?v=OHSm8kLE7js
33	3	7	Quiet Inlet	"February 15, 1984"	https://www.youtube.com/watch?v=9N5IWKzYIyU
34	3	8	Night Light	"February 22, 1984"	https://www.youtube.com/watch?v=l141Y0x8om0
35	3	9	The Old Mill	"March 1, 1984"	https://www.youtube.com/watch?v=OFKFUJ9eDNs
36	3	10	Campfire	"March 8, 1984"	https://www.youtube.com/watch?v=L5bXkI0-pEg
37	3	11	Rustic Barn	"March 15, 1984"	https://www.youtube.com/watch?v=WJJwrnFhUUg
38	3	12	Hidden Lake	"March 22, 1984"	https://www.youtube.com/watch?v=P_DaqkFbnac
39	3	13	Peaceful Waters	"March 29, 1984"	https://www.youtube.com/watch?v=Z0vtjRLqXcQ
40	4	1	Purple Splendor	"September 5, 1984"	https://www.youtube.com/watch?v=hP4GfMgsNVE
41	4	2	Tranquil Valley	"September 12, 1984"	https://www.youtube.com/watch?v=PbchoOWWCZs
42	4	3	Majestic Mountains	"September 19, 1984"	https://www.youtube.com/watch?v=NcVeRlPu_5w
43	4	4	Winter Sawscape	"September 26, 1984"	https://www.youtube.com/watch?v=lmKAwKrONmE
44	4	5	Evening Seascape	"October 3, 1984"	https://www.youtube.com/watch?v=y5k4GXw_-yI
45	4	6	Warm Summer Day	"October 10, 1984"	https://www.youtube.com/watch?v=GBN9AIw3Ao4
46	4	7	Cabin in the Woods	"October 17, 1984"	https://www.youtube.com/watch?v=81QKellPA70
47	4	8	Wetlands	"October 24, 1984"	https://www.youtube.com/watch?v=2FpVyGanPwM
48	4	9	Cool Waters	"October 31, 1984"	https://www.youtube.com/watch?v=tJRvBcqQd5A
49	4	10	Quiet Woods	"November 7, 1984"	https://www.youtube.com/watch?v=wIZX57I4aDs
50	4	11	Northwest Majesty	"November 14, 1984"	https://www.youtube.com/watch?v=9DU6bunvD_g
51	4	12	Autumn Days	"November 21, 1984"	https://www.youtube.com/watch?v=VAdMkf-AAPM
52	4	13	Mountain Challenge	"November 28, 1984"	https://www.youtube.com/watch?v=o2cjLA_wgIk
53	5	1	Mountain Waterfall	"January 2, 1985"	https://www.youtube.com/watch?v=DqhzxdkdQS0
54	5	2	Twilight Meadow	"January 9, 1985"	https://www.youtube.com/watch?v=6evqNlOO7Bw
55	5	3	Mountain Blossoms	"January 16, 1985"	https://www.youtube.com/watch?v=UVhhStJAJZc
56	5	4	Winter Stillness	"January 23, 1985"	https://www.youtube.com/watch?v=qg9c1SqdRko
57	5	5	Quiet Pond	"January 30, 1985"	https://www.youtube.com/watch?v=aiK9xOIJtV8
58	5	6	Ocean Sunrise	"February 6, 1985"	https://www.youtube.com/watch?v=u0Bz6TNUK1Q
59	5	7	Bubbling Brook	"February 13, 1985"	https://www.youtube.com/watch?v=LiKCzeqn-kg
60	5	8	Arizona Splendor	"February 20, 1985"	https://www.youtube.com/watch?v=spFwCh2616s
61	5	9	Anatomy of a Wave	"February 27, 1985"	https://www.youtube.com/watch?v=DFQlu6eqrBo
62	5	10	The Windmill	"March 6, 1985"	https://www.youtube.com/watch?v=xj8xsTSkbUk
63	5	11	Autumn Glory	"March 13, 1985"	https://www.youtube.com/watch?v=yTzlm_t0RmY
64	5	12	Indian Girl	"March 20, 1985"	https://www.youtube.com/watch?v=2uXMx8Kjs8I
65	5	13	Meadow Stream	"March 27, 1985"	https://www.youtube.com/watch?v=87MMbN1bQCs
66	6	1	Blue River	"May 1, 1985"	https://www.youtube.com/watch?v=LygUyAb78oY
67	6	2	Nature’s Edge	"May 8, 1985"	https://www.youtube.com/watch?v=Bcqyzo85A1o
68	6	3	Morning Mist	"May 15, 1985"	https://www.youtube.com/watch?v=wbZreRaE74k
69	6	4	Whispering Stream	"May 22, 1985"	https://www.youtube.com/watch?v=QglIjlqsUdU
70	6	5	Secluded Forest	"May 29, 1985"	https://www.youtube.com/watch?v=USkduOfwJok
71	6	6	Snow Trail	"June 5, 1985"	https://www.youtube.com/watch?v=n9EsFFtwZnE
72	6	7	Arctic Beauty	"June 12, 1985"	https://www.youtube.com/watch?v=UQ-RTZCOQn0
73	6	8	Horizons West	"June 19, 1985"	https://www.youtube.com/watch?v=m6UM-rN2D6s
74	6	9	High Chateau	"June 26, 1985"	https://www.youtube.com/watch?v=dafH8ks9Zww
75	6	10	Country Life	"July 2, 1985"	https://www.youtube.com/watch?v=j8Jf7QVKLgQ
76	6	11	Western Expanse	"July 9, 1985"	https://www.youtube.com/watch?v=MTInkV5ODjk
77	6	12	Marshlands	"July 16, 1985"	https://www.youtube.com/watch?v=Ugiwi8uizpg
78	6	13	Blaze of Color	"July 23, 1985"	https://www.youtube.com/watch?v=se7wOprxRGs
79	7	1	Winter Cabin	"October 2, 1985"	https://www.youtube.com/watch?v=kdlHV6ceI_g
80	7	2	Secluded Lake	"October 9, 1985"	https://www.youtube.com/watch?v=2OxSJcFvpoU
81	7	3	Evergreens at Sunset	"October 16, 1985"	https://www.youtube.com/watch?v=YQPEy3hYGo8
82	7	4	Mountain Cabin	"October 23, 1985"	https://www.youtube.com/watch?v=E3IAMvO8GyM
83	7	5	Portrait of Sally	"October 30, 1985"	https://www.youtube.com/watch?v=MHJB0IBnuD4
84	7	6	Misty Waterfall	"November 6, 1985"	https://www.youtube.com/watch?v=530_cVmexiI
85	7	7	Barn at Sunset	"November 13, 1985"	https://www.youtube.com/watch?v=WT6n0K2zGnA
86	7	8	Mountain Splendor	"November 20, 1985"	https://www.youtube.com/watch?v=GhOGZMpPUSE
87	7	9	Lake by Mountain	"November 27, 1985"	https://www.youtube.com/watch?v=yAiYirlcq7o
88	7	10	Mountain Glory	"December 6, 1985"	https://www.youtube.com/watch?v=0M9pwLHRR2c
89	7	11	Grey Winter	"December 13, 1985"	https://www.youtube.com/watch?v=sS-hNYgDUak
90	7	12	Dock Scene	"December 20, 1985"	https://www.youtube.com/watch?v=4KYxkqlzyqM
91	7	13	Dark Waterfall	"December 27, 1985"	https://www.youtube.com/watch?v=VqMbL00eZqw
92	8	1	Misty Rolling Hills	"January 2, 1986"	https://www.youtube.com/watch?v=cC5ozePVKGI
93	8	2	Lakeside Cabin	"January 9, 1986"	https://www.youtube.com/watch?v=CP6_5cQVZvQ
94	8	3	Warm Winter Day	"January 16, 1986"	https://www.youtube.com/watch?v=mUJoNLWQ1yI
95	8	4	Waterside Way	"January 23, 1986"	https://www.youtube.com/watch?v=uj5FE70BcB0
96	8	5	Hunter’s Haven	"January 30, 1986"	https://www.youtube.com/watch?v=Da4SPyh1ATM
97	8	6	Bubbling Mountain Brook	"February 6, 1986"	https://www.youtube.com/watch?v=U2_SKgM3f4A
98	8	7	Winter Hideaway	"February 13, 1986"	https://www.youtube.com/watch?v=19oz9XHZNzA
99	8	8	Foot of the Mountain	"February 20, 1986"	https://www.youtube.com/watch?v=cIUBUc_ITBc
100	8	9	Majestic Pine	"February 27, 1986"	https://www.youtube.com/watch?v=x5CoQj9zr-c
101	8	10	Cactus at Sunset	"March 6, 1986"	https://www.youtube.com/watch?v=XBqD3QhKU24
102	8	11	Mountain Range	"March 13, 1986"	https://www.youtube.com/watch?v=V_l6olF3yHI
103	8	12	Lonely Retreat	"March 20, 1986"	https://www.youtube.com/watch?v=qTDQt_PdlYc
104	8	13	Northern Lights	"March 27, 1986"	https://www.youtube.com/watch?v=vgbMONXc9Cs
105	9	1	Winter Evergreens	"April 30, 1986"	https://www.youtube.com/watch?v=O6L5YPt9CeU
106	9	2	Surf’s Up	"May 7, 1986"	https://www.youtube.com/watch?v=ZKxFvyyOBPQ
107	9	3	Red Sunset	"May 14, 1986"	https://www.youtube.com/watch?v=e5JhYi_G-l0
108	9	4	Meadow Road	"May 21, 1986"	https://www.youtube.com/watch?v=u5VT_WGM0kg
109	9	5	Winter Oval	"May 28, 1986"	https://www.youtube.com/watch?v=pYWiLm_-sXw
110	9	6	Secluded Beach	"June 4, 1986"	https://www.youtube.com/watch?v=WGUcw_kFvzU
111	9	7	Forest Hills	"June 11, 1986"	https://www.youtube.com/watch?v=E3XW_Zp238U
112	9	8	Little House by the Road	"June 18, 1986"	https://www.youtube.com/watch?v=3CDg_9gL-5M
113	9	9	Mountain Path	"June 25, 1986"	https://www.youtube.com/watch?v=e0VUprkc1n0
114	9	10	Country Charm	"July 2, 1986"	https://www.youtube.com/watch?v=9wp8NRzCJnw
115	9	11	Nature's Paradise	"July 9, 1986"	https://www.youtube.com/watch?v=7yU55PUls2c
116	9	12	Mountain by the Sea	"June 16, 1986"	https://www.youtube.com/watch?v=so--opB-yuQ
117	9	13	Mountain Hideaway	"June 23, 1986"	https://www.youtube.com/watch?v=q48EWPrbzVs
118	10	1	Towering Peaks	"September 3, 1986"	https://www.youtube.com/watch?v=1s58rW0_LN4
119	10	2	Cabin at Sunset	"September 10, 1986"	https://www.youtube.com/watch?v=a6Wil3OXNuI
120	10	3	Twin Falls	"September 17, 1986"	https://www.youtube.com/watch?v=cMwkY8ojRik
121	10	4	Secluded Bridge	"September 24, 1986"	https://www.youtube.com/watch?v=vrAMRxBB5KI
122	10	5	Ocean Breeze	"October 1, 1986"	https://www.youtube.com/watch?v=XZmdzfvXRuw
123	10	6	Autumn Woods	"October 8, 1986"	https://www.youtube.com/watch?v=vKyMU5Z8cDI
124	10	7	Winter Solitude	"October 15, 1986"	https://www.youtube.com/watch?v=ov4YaCQB9co
125	10	8	Golden Sunset	"October 22, 1986"	https://www.youtube.com/watch?v=CiNDyckERXQ
126	10	9	Mountain Oval	"October 29, 1986"	https://www.youtube.com/watch?v=Qj6lMtnCt8o
127	10	10	Ocean Sunset	"November 5, 1986"	https://www.youtube.com/watch?v=OJ_xqtvZf3o
128	10	11	Triple View	"November 12, 1986"	https://www.youtube.com/watch?v=zoTeyliLn5o
129	10	12	Winter Frost	"November 19, 1986"	https://www.youtube.com/watch?v=8satX-hLkuI
130	10	13	Lakeside Cabin	"November 26, 1986"	https://www.youtube.com/watch?v=1l_TsfCIb_I
131	11	1	Mountain Stream	"December 31, 1986"	https://www.youtube.com/watch?v=xdFCj6BzQio
132	11	2	Country Cabin	"January 7, 1987"	https://www.youtube.com/watch?v=Dkww2nHpuZw
133	11	3	Daisy Delight	"January 14, 1987"	https://www.youtube.com/watch?v=HuHC1RqtvDA
134	11	4	Hidden Stream	"January 21, 1987"	https://www.youtube.com/watch?v=JGzTg8fCj4w
135	11	5	Towering Glacier	"January 28, 1987"	https://www.youtube.com/watch?v=67vdGbA3Xkg
136	11	6	Oval Barn	"February 4, 1987"	https://www.youtube.com/watch?v=HqBhCibidNM
137	11	7	Lakeside Path	"February 11, 1987"	https://www.youtube.com/watch?v=1yjGoJokbZg
138	11	8	Sunset Oval	"February 18, 1987"	https://www.youtube.com/watch?v=9xG6IzcGotI
139	11	9	Winter Barn	"February 25, 1987"	https://www.youtube.com/watch?v=_xkn0ceDreo
140	11	10	Sunset over the Waves	"March 4, 1987"	https://www.youtube.com/watch?v=c4b_B2F1eZg
141	11	11	Golden Glow	"March 11, 1987"	https://www.youtube.com/watch?v=aA8RhtaWACA
142	11	12	Roadside Barn	"March 18, 1987"	https://www.youtube.com/watch?v=vJpKhiXvXdA
143	11	13	Happy Accident	"March 25, 1987"	https://www.youtube.com/watch?v=Fw6odlNp7_8
144	12	1	Golden Knoll	"April 29, 1987"	https://www.youtube.com/watch?v=-O0Bs65eN5w
145	12	2	Mountain Reflections	"May 6, 1987"	https://www.youtube.com/watch?v=rzYpa4XGSnA
146	12	3	Secluded Mountain	"May 13, 1987"	https://www.youtube.com/watch?v=3PZabdohLso
147	12	4	Bright Autumn Trees	"May 20, 1987"	https://www.youtube.com/watch?v=aR-C3h5zURM
148	12	5	Black Seascape	"May 27, 1987"	https://www.youtube.com/watch?v=P_aCan4cBwc
149	12	6	Steep Mountains	"June 3, 1987"	https://www.youtube.com/watch?v=fRK8_ioYWw4
150	12	7	Quiet Mountain River	"June 10, 1987"	https://www.youtube.com/watch?v=Leiw-FtADZc
151	12	8	Evening Waterfall	"June 17, 1987"	https://www.youtube.com/watch?v=PutvF_P4588
152	12	9	Tropical Seascape	"June 24, 1987"	https://www.youtube.com/watch?v=RrBsbqO9aqI
153	12	10	Mountain at Sunset	"July 1, 1987"	https://www.youtube.com/watch?v=HCsCatvigtw
154	12	11	Soft Mountain Glow	"July 8, 1987"	https://www.youtube.com/watch?v=gOGJYHWjXgE
155	12	12	Mountain in an Oval	"July 15, 1987"	https://www.youtube.com/watch?v=1jRPshs27H8
156	12	13	Winter Mountain	"July 22, 1987"	https://www.youtube.com/watch?v=46vI20697HI
157	13	1	Rolling Hills	"September 2, 1987"	https://www.youtube.com/watch?v=H4GyGrT7lEQ
158	13	2	Frozen Solitude	"September 9, 1987"	https://www.youtube.com/watch?v=kNZssD9zWlw
159	13	3	Meadow Brook	"September 16, 1987"	https://www.youtube.com/watch?v=06W8GsWj2Yg
160	13	4	Evening at Sunset	"September 23, 1987"	https://www.youtube.com/watch?v=7ZUQTXuDPaI
161	13	5	Mountain View	"September 30, 1987"	https://www.youtube.com/watch?v=dJfnAyDLwPY
162	13	6	Hidden Creek	"October 7, 1987"	https://www.youtube.com/watch?v=KmoRz01bm0Y
163	13	7	Peaceful Haven	"October 14, 1987"	https://www.youtube.com/watch?v=j20pZ96E_CE
164	13	8	Mountain Exhibition	"October 21, 1987"	https://www.youtube.com/watch?v=bgI3_1quJ18
165	13	9	Emerald Waters	"October 28, 1987"	https://www.youtube.com/watch?v=lLunPQBzW6g
166	13	10	Mountain Summit	"November 4, 1987"	https://www.youtube.com/watch?v=kasGRkfkiPM
167	13	11	Cabin Hideaway	"November 11, 1987"	https://www.youtube.com/watch?v=NjTlW2NL1Lo
168	13	12	Oval Essence	"November 18, 1987"	https://www.youtube.com/watch?v=q7WXF_BSEXw
169	13	13	Lost Lake	"November 25, 1987"	https://www.youtube.com/watch?v=9-ATP8xyDM0
170	14	1	Distant Mountains	"December 30, 1987"	https://www.youtube.com/watch?v=GpA9UM7QGag
171	14	2	Meadow Brook Surprise	"January 6, 1988"	https://www.youtube.com/watch?v=Ov5oIHTAa10
172	14	3	Mountain Moonlight Oval	"January 13, 1988"	https://www.youtube.com/watch?v=CigXQtT6BPM
173	14	4	Snowy Solitude	"January 20, 1988"	https://www.youtube.com/watch?v=1ZriQGhSFTM
174	14	5	Mountain River	"January 27, 1988"	https://www.youtube.com/watch?v=CnMLKAGi0yM
175	14	6	Graceful Mountains	"February 3, 1988"	https://www.youtube.com/watch?v=0uVe8T-vVVg
176	14	7	Windy Waves	"February 10, 1988"	https://www.youtube.com/watch?v=y6GVVjG4HMg
177	14	8	On a Clear Day	"February 17, 1988"	https://www.youtube.com/watch?v=e63Cgln6Yag
178	14	9	Riverside Escape Oval	"February 24, 1988"	https://www.youtube.com/watch?v=d83REwSGfGo
179	14	10	Surprising Falls	"March 2, 1988"	https://www.youtube.com/watch?v=QbclL1ca7_s
180	14	11	Shadow Pond	"March 9, 1988"	https://www.youtube.com/watch?v=BQWJ3kqonpA
181	14	12	Misty Forest Oval	"March 16, 1988"	https://www.youtube.com/watch?v=ddU9vQvSpw8
182	14	13	Natural Wonder	"March 23, 1988"	https://www.youtube.com/watch?v=knOutsaiKfU
183	15	1	Splendor of Winter	"April 27, 1988"	https://www.youtube.com/watch?v=oJvk7gPDHiE
184	15	2	Colors of Nature	"May 4, 1988"	https://www.youtube.com/watch?v=Me9Ietooq4w
185	15	3	Grandpa’s Barn	"May 11, 1988"	https://www.youtube.com/watch?v=IPPU49PyfEA
186	15	4	Peaceful Reflections	"May 18, 1988"	https://www.youtube.com/watch?v=gYuH4Ilqdhs
187	15	5	Hidden Winter Moon Oval	"May 25, 1988"	https://www.youtube.com/watch?v=yxAMOdl6RJE
188	15	6	Waves of Wonder	"June 1, 1988"	https://www.youtube.com/watch?v=tayQX_ng-Nc
189	15	7	Cabin by the Pond	"June 8, 1988"	https://www.youtube.com/watch?v=TyOO6WeP2AY
190	15	8	Fall Stream	"June 15, 1988"	https://www.youtube.com/watch?v=ZY0ofhdV_L0
191	15	9	Christmas Eve Snow	"June 22, 1988"	https://www.youtube.com/watch?v=cVqFG2pxK2A
192	15	10	Forest Dawn Oval	"June 29, 1988"	https://www.youtube.com/watch?v=COsJUfPN2dA
193	15	11	Pathway to Autumn	"July 6, 1988"	https://www.youtube.com/watch?v=Hg5RKc6xiL4
194	15	12	Deep Forest Lake	"July 13, 1988"	https://www.youtube.com/watch?v=2bjFmSQjQrw
195	15	13	Peaks of Majesty	"July 20, 1988"	https://www.youtube.com/watch?v=lTb8DN6G6dE
196	16	1	Two Seasons	"August 17, 1988"	https://www.youtube.com/watch?v=jwVz0uTLH1I
197	16	2	Nestled Cabin	"August 24, 1988"	https://www.youtube.com/watch?v=l_jN9KN257M
198	16	3	Wintertime Discovery	"August 31, 1988"	https://www.youtube.com/watch?v=uZyZW3tkCE0
199	16	4	Mountain Mirage	"September 7, 1988"	https://www.youtube.com/watch?v=jfCsew_mz7A
200	16	5	Double Oval Fantasy	"September 14, 1988"	https://www.youtube.com/watch?v=4jAsLpJzjHM
201	16	6	Contemplative Lady	"September 21, 1988"	https://www.youtube.com/watch?v=gnp6WE7Ql-s
202	16	7	Deep Woods	"September 28, 1988"	https://www.youtube.com/watch?v=rE5ZVs_YJfE
203	16	8	High Tide	"October 5, 1988"	https://www.youtube.com/watch?v=_IREQ4SIcX8
204	16	9	Barn in Snow Oval	"October 12, 1988"	https://www.youtube.com/watch?v=wJmi7-G9r-w
205	16	10	That Time of Year	"October 19, 1988"	https://www.youtube.com/watch?v=q5moLoqOkP0
206	16	11	Waterfall Wonder	"October 26, 1988"	https://www.youtube.com/watch?v=AGhXEPfp-W4
207	16	12	Mighty Mountain Lake	"November 2, 1988"	https://www.youtube.com/watch?v=4vXB2R8ybDE
208	16	13	Wooded Stream Oval	"November 9, 1988"	https://www.youtube.com/watch?v=-XA2h17y3HU
209	17	1	Golden Mist Oval	"January 4, 1989"	https://www.youtube.com/watch?v=lhpfaW0k6uM
210	17	2	The Old Home Place	"January 11, 1989"	https://www.youtube.com/watch?v=EVQcDEiJh2o
211	17	3	Soothing Vista	"January 18, 1989"	https://www.youtube.com/watch?v=NqfRLiv0SZ0
212	17	4	Stormy Seas	"January 25, 1989"	https://www.youtube.com/watch?v=LE6agCR5iBw
213	17	5	Country Time	"February 1, 1989"	https://www.youtube.com/watch?v=e_bt9rQoGN0
214	17	6	A Mild Winter’s Day	"February 8, 1989"	https://www.youtube.com/watch?v=BbYO579MmhA
215	17	7	Spectacular Waterfall	"February 15, 1989"	https://www.youtube.com/watch?v=nK-HebXL2uw
216	17	8	View from the Park	"February 22, 1989"	https://www.youtube.com/watch?v=Q4n90jsOUtY
217	17	9	Lake View	"March 1, 1989"	https://www.youtube.com/watch?v=07acfzBaoa0
218	17	10	Old Country Mill	"March 8, 1989"	https://www.youtube.com/watch?v=n8HlFCQACYA
219	17	11	Morning Walk	"March 15, 1989"	https://www.youtube.com/watch?v=pSvgNkQdR2Y
220	17	12	Nature's Splendor	"March 22, 1989"	https://www.youtube.com/watch?v=uCAtI2IwEwk
221	17	13	Mountain Beauty	"March 29, 1989"	https://www.youtube.com/watch?v=8P-YeoTmVrw
222	18	1	Half-Oval Vignette	"July 5, 1989"	https://www.youtube.com/watch?v=uY3fIry2tOE
223	18	2	Absolutely Autumn	"July 12, 1989"	https://www.youtube.com/watch?v=PGPVpil2UmE
224	18	3	Mountain Seclusion	"July 19, 1989"	https://www.youtube.com/watch?v=EBZKuVbRY54
225	18	4	Crimson Oval	"July 26, 1989"	https://www.youtube.com/watch?v=R7Y3izMFPbM
226	18	5	Autumn Exhibition	"August 2, 1989"	https://www.youtube.com/watch?v=6afHY2d9Lv8
227	18	6	Majestic Peaks	"August 9, 1989"	https://www.youtube.com/watch?v=lilbzLCNnDo
228	18	7	Golden Morning Mist	"August 16, 1989"	https://www.youtube.com/watch?v=rCHXqj4DHlM
229	18	8	Winter Lace	"August 23, 1989"	https://www.youtube.com/watch?v=WJF_qoQRPck
230	18	9	Seascape Fantasy	"August 30, 1989"	https://www.youtube.com/watch?v=sBBBilrDuSw
231	18	10	Double Oval Stream	"September 6, 1989"	https://www.youtube.com/watch?v=rRjnHdr9DmU
232	18	11	Enchanted forest	"September 13, 1989"	https://www.youtube.com/watch?v=ikR7UT9mVBw
233	18	12	Southwest Serenity	"September 20, 1989"	https://www.youtube.com/watch?v=EVfPPJ5FUmA
234	18	13	Rippling Waters	"September 27, 1989"	https://www.youtube.com/watch?v=XvnJBynSiT0
235	19	1	Snowfall Magic	"January 3, 1990"	https://www.youtube.com/watch?v=1enWTsRi16o
236	19	2	Quiet Mountain lake	"January 10, 1990"	https://www.youtube.com/watch?v=2gq2V6dCt2I
237	19	3	Final Embers of Sunlight	"January 17, 1990"	https://www.youtube.com/watch?v=IeFbdk36MUU
238	19	4	Snowy Morn	"January 24, 1990"	https://www.youtube.com/watch?v=iB1TDWlo0kk
239	19	5	Camper’s Haven	"January 31, 1990"	https://www.youtube.com/watch?v=C34WAUgkAT0
240	19	6	Waterfall in the Woods	"February 7, 1990"	https://www.youtube.com/watch?v=uBRKVa7sy1Q
241	19	7	Covered Bridge Oval	"February 14, 1990"	https://www.youtube.com/watch?v=F4iPbH1OHsQ
242	19	8	Scenic Seclusion	"February 21, 1990"	https://www.youtube.com/watch?v=d50HkqB9JEM
243	19	9	Ebb Tide	"February 28, 1990"	https://www.youtube.com/watch?v=mFOna_LN7Ys
244	19	10	After the Rain	"March 7, 1990"	https://www.youtube.com/watch?v=Wj-3ct7RvAI
245	19	11	Winter’s Elegance	"March 14, 1990"	https://www.youtube.com/watch?v=JjBZzKp_u5E
246	19	12	Evening’s Peace	"March 21, 1990"	https://www.youtube.com/watch?v=uEUMVwc4o5U
247	19	13	Valley of Tranquility	"March 28, 1990"	https://www.youtube.com/watch?v=FnY7jDY5PsE
248	20	1	Mystic Mountain	"April 4, 1990"	https://www.youtube.com/watch?v=3AHdKAu055M
249	20	2	New Day’s Dawn	"April 11, 1990"	https://www.youtube.com/watch?v=vbPdQ0w8ylg
250	20	3	Pastel Winter	"April 18, 1990"	https://www.youtube.com/watch?v=kbnXZRNMouM
251	20	4	Hazy Day	"April 25, 1990"	https://www.youtube.com/watch?v=5U3G61r35Mc
252	20	5	Divine Elegance	"May 2, 1990"	https://www.youtube.com/watch?v=mb-Gwx1S5Gs
253	20	6	Cliffside	"May 9, 1990"	https://www.youtube.com/watch?v=p6Uy2qOLvGk
254	20	7	Autumn Fantasy	"May 16, 1990"	https://www.youtube.com/watch?v=FozIp7Va7dY
255	20	8	The Old Oak Tree	"May 23, 1990"	https://www.youtube.com/watch?v=dN4HjAn8p5U
256	20	9	Winter's Paradise	"May 30, 1990"	https://www.youtube.com/watch?v=DY1aBv8Z1SQ
257	20	10	Days Gone By	"June 6, 1990"	https://www.youtube.com/watch?v=DmYhNHVIdMI
258	20	11	Chance of Seasons	"June 13, 1990"	https://www.youtube.com/watch?v=QbgPu5f2Vf8
259	20	12	Hidden Delight	"June 20, 1990"	https://www.youtube.com/watch?v=ZyPNzDaaDt8
260	20	13	Double Take	"June 27, 1990"	https://www.youtube.com/watch?v=ppzFgG2K2k4
261	21	1	Valley View	"September 5, 1990"	https://www.youtube.com/watch?v=pw5ETGiiBRg
262	21	2	Tranquil Dawn	"September 12, 1990"	https://www.youtube.com/watch?v=4abDq6Q-mlM
263	21	3	Royal Majesty	"September 19, 1990"	https://www.youtube.com/watch?v=ubUXBqE6t0U
264	21	4	Serenity	"September 26, 1990"	https://www.youtube.com/watch?v=crqmO3qDdco
265	21	5	Cabin at Trails End	"October 3, 1990"	https://www.youtube.com/watch?v=GLkLO4KqTRs
266	21	6	Mountain Rhapsody	"October 10, 1990"	https://www.youtube.com/watch?v=H4VsmKU5T7g
267	21	7	Wilderness Cabin	"October 17, 1990"	https://www.youtube.com/watch?v=GWehiacnd1E
268	21	8	By the Sea	"October 24, 1990"	https://www.youtube.com/watch?v=8tHHBTK6wwc
269	21	9	Indian Summer	"October 31, 1990"	https://www.youtube.com/watch?v=pfWV8NkotvU
270	21	10	Blue Winter	"November 7, 1990"	https://www.youtube.com/watch?v=liR0gS0sZY0
271	21	11	Desert Glow	"November 14, 1990"	https://www.youtube.com/watch?v=QyncJfL_HmU
272	21	12	Lone Mountain	"November 21, 1990"	https://www.youtube.com/watch?v=NJbzIftLLmU
273	21	13	Florida’s Glory	"November 28, 1990"	https://www.youtube.com/watch?v=HQC5sPN9Xhc
274	22	1	Autumn Images	"January 1, 1991"	https://www.youtube.com/watch?v=HMx34Am6RFg
275	22	2	Hint of Springtime	"January 8, 1991"	https://www.youtube.com/watch?v=C-OSaHvt8ms
276	22	3	Around the Bend	"January 15, 1991"	https://www.youtube.com/watch?v=Kl5X3icOVvw
277	22	4	Countryside Oval	"January 22, 1991"	https://www.youtube.com/watch?v=hdNH5axK4u0
278	22	5	Russet Winter	"January 29, 1991"	https://www.youtube.com/watch?v=aE4nID1p-t0
279	22	6	Purple Haze	"February 5, 1991"	https://www.youtube.com/watch?v=ZoJ2tcXWb7g
280	22	7	Dimensions	"February 12, 1991"	https://www.youtube.com/watch?v=JUuP75RVZDI
281	22	8	Deep Wilderness Home	"February 19, 1991"	https://www.youtube.com/watch?v=uZWNvDFfbUk
282	22	9	Haven in the Valley	"February 26, 1991"	https://www.youtube.com/watch?v=Qccgam514ds
283	22	10	Wintertime Blues	"March 5, 1991"	https://www.youtube.com/watch?v=dbMJVM4iL2Q
284	22	11	Pastel Seascape	"March 12, 1991"	https://www.youtube.com/watch?v=K4aud_SpFDQ
285	22	12	Country Creek	"March 19, 1991"	https://www.youtube.com/watch?v=JDa6JPcqy88
286	22	13	Silent Forest	"March 26, 1991"	https://www.youtube.com/watch?v=AE1GKcL3NuI
287	23	1	Frosty Winter Morn	"September 3, 1991"	https://www.youtube.com/watch?v=1-9_enMBquw
288	23	2	Forest Edge	"September 10, 1991"	https://www.youtube.com/watch?v=puGk2iFvvp0
289	23	3	Mountain Ridge Lake	"September 17, 1991"	https://www.youtube.com/watch?v=Hq-z06i6HCs
290	23	4	Reflections of Gold	"September 24, 1991"	https://www.youtube.com/watch?v=8f9CCnqJ_1Y
291	23	5	Quiet Cove	"October 1, 1991"	https://www.youtube.com/watch?v=cR9hTbSomx4
292	23	6	River’s Peace	"October 8, 1991"	https://www.youtube.com/watch?v=flCWS9LB4Ks
293	23	7	At Dawn’s Light	"October 15, 1991"	https://www.youtube.com/watch?v=HFdTxqEznIk
294	23	8	Valley Waterfall	"October 22, 1991"	https://www.youtube.com/watch?v=VYcsYzzRae4
295	23	9	Toward Day’s End	"October 29, 1991"	https://www.youtube.com/watch?v=cFi_fJl40BA
296	23	10	Falls in the Glen	"November 5, 1991"	https://www.youtube.com/watch?v=txAtX-VyVNc
297	23	11	Frozen Beauty in Vignette	"November 12, 1991"	https://www.youtube.com/watch?v=H15kV1wbDG4
298	23	12	Crimson Tide	"November 19, 1991"	https://www.youtube.com/watch?v=Y7SDU4i6Fco
299	23	13	Winter Bliss	"November 26, 1991"	https://www.youtube.com/watch?v=yInYwy6AsDQ
300	24	1	Gray Mountain	"January 7, 1992"	https://www.youtube.com/watch?v=4XxClvPZ1RE
301	24	2	Wayside Pond	"January 14, 1992"	https://www.youtube.com/watch?v=FPW2FwK4IOo
302	24	3	Teton Winter	"January 21, 1992"	https://www.youtube.com/watch?v=I4h6TC4CPJY
303	24	4	Little Home in the Meadow	"January 28, 1992"	https://www.youtube.com/watch?v=nU1zV93N-kI
304	24	5	A Pretty Autumn Day	"February 4, 1992"	https://www.youtube.com/watch?v=HWedDS3p7XI
305	24	6	Mirrored Images	"February 11, 1992"	https://www.youtube.com/watch?v=i29frkR1T98
306	24	7	Back Country Path	"February 18, 1992"	https://www.youtube.com/watch?v=2iNMoQB1Pe8
307	24	8	Graceful Waterfall	"February 25, 1992"	https://www.youtube.com/watch?v=fBh1nA4pMDY
308	24	9	Icy Lake	"March 3, 1992"	https://www.youtube.com/watch?v=AmBDmgta3l4
309	24	10	Rowboat on the Beach	"March 10, 1992"	https://www.youtube.com/watch?v=hfvhXOvg43w
310	24	11	Portrait of Winter	"March 17, 1992"	https://www.youtube.com/watch?v=JLnIUGOupOA
311	24	12	The Footbridge	"March 24, 1992"	https://www.youtube.com/watch?v=RqtDliGeyTg
312	24	13	Snowbound Cabin	"March 31, 1992"	https://www.youtube.com/watch?v=obSLZWXmDak
313	25	1	Hide A Way Cove	"August 25, 1992"	https://www.youtube.com/watch?v=l_HqMYquc08
314	25	2	Enchanted Falls Oval	"September 1, 1992"	https://www.youtube.com/watch?v=HklPkQ0lSKA
315	25	3	Not Quite Spring	"September 8, 1992"	https://www.youtube.com/watch?v=N_u6x7LeyTM
316	25	4	Splashes of Autumn	"September 15, 1992"	https://www.youtube.com/watch?v=YcbaMqq_X8s
317	25	5	Summer in the Mountain	"September 22, 1992"	https://www.youtube.com/watch?v=gmCXgS38NDc
318	25	6	Oriental Falls	"September 29, 1992"	https://www.youtube.com/watch?v=v8Znj8bbmCQ
319	25	7	Autumn Palette	"October 6, 1992"	https://www.youtube.com/watch?v=HWrvW-NgaOY
320	25	8	Cypress Swamp	"October 13, 1992"	https://www.youtube.com/watch?v=FdIUHudQABI
321	25	9	Downstream View	"October 20, 1992"	https://www.youtube.com/watch?v=KsDPg5HZYNw
322	25	10	Just Before the Storm	"October 27, 1992"	https://www.youtube.com/watch?v=Rh-jKrMrmOA
323	25	11	Fisherman’s Paradise	"November 3, 1992"	https://www.youtube.com/watch?v=uJLK85uU5mA
324	25	12	Desert Hues	"November 10, 1992"	https://www.youtube.com/watch?v=UUNNXGVNTuI
325	25	13	The Property Line	"November 17, 1992"	https://www.youtube.com/watch?v=ivesI3rU7dU
326	26	1	In the Stillness of Morning	"December 1, 1992"	https://www.youtube.com/watch?v=5rfGa1_iJpw
327	26	2	Delightful Meadow Home	"December 8, 1992"	https://www.youtube.com/watch?v=tWoInh2USOs
328	26	3	First Snow	"December 15, 1992"	https://www.youtube.com/watch?v=raAkJKeo0Sk
329	26	4	Lake in the Valley	"December 22, 1992"	https://www.youtube.com/watch?v=KvJmSrErm20
330	26	5	Trace of Spring	"December 29, 1992"	https://www.youtube.com/watch?v=JMPwj3u4ZTA
331	26	6	Arctic Winter Day	"January 5, 1993"	https://www.youtube.com/watch?v=9BHWlbjd95c
332	26	7	Snow Birch	"January 12, 1993"	https://www.youtube.com/watch?v=wKeemvioVrM
333	26	8	Early Autumn	"January 19, 1993"	https://www.youtube.com/watch?v=SLQXlFLoqQc
334	26	9	Tranquil Wooded Stream	"January 26, 1993"	https://www.youtube.com/watch?v=lSeRrm5ZK9c
335	26	10	Purple Mountain Range	"February 2, 1993"	https://www.youtube.com/watch?v=nkDA_R-XmqA
336	26	11	Storm’s A Comin	"February 9, 1993"	https://www.youtube.com/watch?v=EHD9u-lo2wc
337	26	12	Sunset Aglow	"February 16, 1993"	https://www.youtube.com/watch?v=gMEZp47VKC0
338	26	13	Evening at the Falls	"February 23, 1993"	https://www.youtube.com/watch?v=RulXVcpgpqw
339	27	1	Twilight Beauty	"March 2, 1993"	https://www.youtube.com/watch?v=0mJqzzeWyXs
340	27	2	Angler’s Haven	"March 9, 1993"	https://www.youtube.com/watch?v=XlwfcXZ0AIU
341	27	3	Rustic Winter Woods	"March 16, 1993"	https://www.youtube.com/watch?v=3q8Zi9480lw
342	27	4	Wilderness Falls	"March 23, 1993"	https://www.youtube.com/watch?v=gxd0MPX8c6I
343	27	5	Winter at the Farm	"March 30, 1993"	https://www.youtube.com/watch?v=LeIVNKnWz7o
344	27	6	Daisies at Dawn	"April 6, 1993"	https://www.youtube.com/watch?v=_kkZcIgocBM
345	27	7	A Spectacular View	"April 13, 1993"	https://www.youtube.com/watch?v=7R9HcaDT9P4
346	27	8	Daybreak	"April 20, 1993"	https://www.youtube.com/watch?v=crWDcTvDmec
347	27	9	Island Paradise	"April 27, 1993"	https://www.youtube.com/watch?v=Cg3XAVhAas0
348	27	10	Sunlight in the Shadows	"May 4, 1993"	https://www.youtube.com/watch?v=xgjQ0v2d9mE
349	27	11	Splendor of a Snowy Winter	"May 11, 1993"	https://www.youtube.com/watch?v=JdXCoxkOdwQ
350	27	12	Forest River	"May 18, 1993"	https://www.youtube.com/watch?v=wrbGlR22K0Q
351	27	13	Golden Glow of Morning	"May 20, 1993"	https://www.youtube.com/watch?v=qXElmiqzcI0
352	28	1	Fisherman's Trail	"May 25, 1993"	https://www.youtube.com/watch?v=VnZEpic2UzU
353	28	2	A Warm Winter	"June 1, 1993"	https://www.youtube.com/watch?v=_TTdw3YnXuo
354	28	3	Under Pastel Skies	"June 8, 1993"	https://www.youtube.com/watch?v=lzODyJS2ZIg
355	28	4	Golden Rays of Sunlight	"June 15, 1993"	https://www.youtube.com/watch?v=zxj3xLDNxo0
356	28	5	Magic of Fall	"June 22, 1993"	https://www.youtube.com/watch?v=bSm3fmEyJ20
357	28	6	Glacier Lake	"June 29, 1993"	https://www.youtube.com/watch?v=TohG7F8M3Ls
358	28	7	The Old Weathered Barn	"July 6, 1993"	https://www.youtube.com/watch?v=NYUIIBFj0iQ
359	28	8	Deep Forest Falls	"July 13, 1993"	https://www.youtube.com/watch?v=urHQRbRNuYI
360	28	9	Winter's Grace	"July 20, 1993"	https://www.youtube.com/watch?v=mxJ2On9wyvY
361	28	10	Splendor of Autumn	"July 27, 1993"	https://www.youtube.com/watch?v=hEyR2FDp-00
362	28	11	Tranquil Seas	"August 3, 1993"	https://www.youtube.com/watch?v=kN1DP_yqs-A
363	28	12	Mountain Serenity	"August 10, 1993"	https://www.youtube.com/watch?v=wc_YVijYjT4
364	28	13	Home Before Nightfall	"August 17, 1993"	https://www.youtube.com/watch?v=22SiIDvyJeM
365	29	1	Island in the Wilderness	"August 24, 1993"	https://www.youtube.com/watch?v=lLWEXRAnQd0
366	29	2	Autumn Oval	"August 31, 1993"	https://www.youtube.com/watch?v=2XnIdinwot0
367	29	3	Seasonal Progression	"September 7, 1993"	https://www.youtube.com/watch?v=T2G5waMfQ-g
368	29	4	Light at the Summit	"September 14, 1993"	https://www.youtube.com/watch?v=HOdS-G8p1KE
369	29	5	Countryside Barn	"September 21, 1993"	https://www.youtube.com/watch?v=G7Etn7QMeO4
370	29	6	Mountain Lake Falls	"September 28, 1993"	https://www.youtube.com/watch?v=dNEp3hoHSDI
371	29	7	Cypress Creek	"October 5, 1993"	https://www.youtube.com/watch?v=Tnb2cXKKuWM
372	29	8	Trapper’s Cabin	"October 12, 1993"	https://www.youtube.com/watch?v=chhCkmp0RG8
373	29	9	Storm on the Horizon	"October 19, 1993"	https://www.youtube.com/watch?v=pA_2paUhBAQ
374	29	10	Pot ‘O Posies	"October 26, 1993"	https://www.youtube.com/watch?v=2zv_S_uVoVQ
375	29	11	Perfect Winter’s Day	"November 2, 1993"	https://www.youtube.com/watch?v=Io4fwhacpEs
376	29	12	Aurora’s Dance	"November 9, 1993"	https://www.youtube.com/watch?v=iRMsb9Vf7GM
377	29	13	The Woodman’s Retreat	"November 16, 1993"	https://www.youtube.com/watch?v=ODrV0dfQcNs
378	30	1	Babbling Brook	"November 23, 1993"	https://www.youtube.com/watch?v=ZHUdS0wEaKk
379	30	2	Woodgrain View	"November 30, 1993"	https://www.youtube.com/watch?v=fcx1yUuSf3o
380	30	3	Winter's Peace	"December 7, 1993"	https://www.youtube.com/watch?v=Xzv3iiWi1Wo
381	30	4	Wilderness Trail	"December 14, 1993"	https://www.youtube.com/watch?v=vGsW_6BCukU
382	30	5	Copper Winter	"December 21, 1993"	https://www.youtube.com/watch?v=BSjee-ond7w
383	30	6	Misty Foothills	"December 28, 1993"	https://www.youtube.com/watch?v=LEz4UVL7POE
384	30	7	Through the Window	"January 4, 1994"	https://www.youtube.com/watch?v=SrN4A9rVXj0
385	30	8	Home in the Valley	"January 11, 1994"	https://www.youtube.com/watch?v=enutOy-nsZk
386	30	9	Mountains of Grace	"January 18, 1994"	https://www.youtube.com/watch?v=nXlu_Q0sR7c
387	30	10	Seaside Harmony	"January 25, 1994"	https://www.youtube.com/watch?v=CY6sGFs209E
388	30	11	Cold Spring Day	"February 1, 1994"	https://www.youtube.com/watch?v=jq8bIbpW7DQ
389	30	12	Evening’s Glow	"February 8, 1994"	https://www.youtube.com/watch?v=eTEKGOi6SVg
390	30	13	Blue Ridge Falls	"February 15, 1994"	https://www.youtube.com/watch?v=fz0YjqtHW84
391	31	1	Reflections of Calm	"February 22, 1994"	https://www.youtube.com/watch?v=kJFB6rH3z2A
392	31	2	Before the Snowfall	"March 1, 1994"	https://www.youtube.com/watch?v=_MdMhQIOL1Y
393	31	3	Winding Stream	"March 8, 1994"	https://www.youtube.com/watch?v=QDwd4pMYyuo
394	31	4	Tranquility Cove	"March 15, 1994"	https://www.youtube.com/watch?v=7t6ue0pEcNE
395	31	5	Cabin in the Hollow	"March 22, 1994"	https://www.youtube.com/watch?v=KYlM2zJnNWY
396	31	6	View from Clear Creek	"March 29, 1994"	https://www.youtube.com/watch?v=TLX1bmS8wBE
397	31	7	Bridge to Autumn	"April 5, 1994"	https://www.youtube.com/watch?v=ReENCTH7MYI
398	31	8	Trail’s End	"April 12, 1994"	https://www.youtube.com/watch?v=XWQrP-WiLgc
399	31	9	Evergreen Valley	"April 19, 1994"	https://www.youtube.com/watch?v=mEU0stNfkxI
400	31	10	Balmy Beach	"April 26, 1994"	https://www.youtube.com/watch?v=kMgd6r6c4vE
401	31	11	Lake at the Ridge	"May 3, 1994"	https://www.youtube.com/watch?v=8QWvzEQ69Kw
402	31	12	In the Midst of Winter	"May 10, 1994"	https://www.youtube.com/watch?v=qx2IsmrCs3c
403	31	13	Wilderness Day	"May 17, 1994"	https://www.youtube.com/watch?v=nJGCVFn57U8